[
  {
    "takenAt": "2024-05-04T12:34:56.000Z",
    "primary": {
      "path": "Photos/post/primary-1.png"
    },
    "secondary": {
      "path": "Photos/post/secondary-1.png"
    },
    "location": {
      "latitude": 37.7749,
      "longitude": -122.4194
    },
    "caption": "Golden Gate weekend walk"
  },
  {
    "takenAt": "2024-08-12T19:45:30.000Z",
    "primary": {
      "path": "Photos/post/primary-2.png"
    },
    "secondary": {
      "path": "Photos/post/secondary-2.png"
    },
    "location": {
      "latitude": 34.0522,
      "longitude": -118.2437
    },
    "caption": "Sunset with friends"
  }
]
